game,p0_delta,p0_fold_rate,p0_call_rate,p0_raise_rate,p0_actor_loss,p0_critic_loss,p0_sl_loss,p0_reservoir,p1_delta,p1_fold_rate,p1_call_rate,p1_raise_rate,p1_actor_loss,p1_critic_loss,p1_sl_loss,p1_reservoir,p2_delta,p2_fold_rate,p2_call_rate,p2_raise_rate,p2_actor_loss,p2_critic_loss,p2_sl_loss,p2_reservoir,p3_delta,p3_fold_rate,p3_call_rate,p3_raise_rate,p3_actor_loss,p3_critic_loss,p3_sl_loss,p3_reservoir
1,30000,0.4,0.0,0.6,0.0,0.0,0.0,0,-10000,0.0,0.25,0.75,0.0,0.0,0.0,0,-10000,0.2,0.0,0.8,0.0,0.0,0.0,0,-10000,0.286,0.143,0.571,-0.0084,0.3345,0.0,3
2,-10000,0.444,0.111,0.444,0.0,0.0,0.0,0,-10000,0.0,0.333,0.667,0.0,0.0,0.0,0,30000,0.2,0.2,0.6,3.4612,78.0385,0.0,2,-10000,0.385,0.154,0.462,-0.4449,0.2494,0.0,5
3,-10000,0.235,0.176,0.529,0.0,0.0,0.0,0,30000,0.143,0.214,0.643,0.0,0.0,0.0,0,-10000,0.167,0.25,0.583,3.4612,78.0385,0.0,2,-10000,0.261,0.174,0.565,-0.442,0.2483,0.0,7
4,-10000,0.211,0.263,0.474,0.0,0.0,0.0,0,-10000,0.174,0.174,0.609,0.0,0.0,0.0,0,-10000,0.267,0.2,0.533,-0.0281,0.0006,0.0,3,30000,0.265,0.176,0.559,0.4423,0.2515,0.0,9
5,-10000,0.2,0.3,0.45,0.0,0.0,0.0,0,-10000,0.256,0.154,0.564,0.0,0.0,0.0,0,30000,0.435,0.261,0.13,-0.0281,0.0006,0.0,3,-10000,0.222,0.127,0.619,-0.0006,0.3331,0.0,18
6,-10000,0.192,0.269,0.5,0.0,0.0,0.0,0,-10000,0.267,0.156,0.556,0.0,0.0,0.0,0,30000,0.263,0.158,0.579,-0.0281,0.0006,0.0,3,-10000,0.254,0.119,0.597,-6.9704,3.0764,0.0,19
7,30000,0.212,0.212,0.515,0.0,0.0,0.0,0,-10000,0.245,0.132,0.604,-0.0079,0.2495,0.0,2,-10000,0.24,0.2,0.56,-0.0281,0.0006,0.0,3,-10000,0.246,0.145,0.58,-6.9704,3.0764,0.0,19
8,-10000,0.189,0.216,0.541,0.0,0.0,0.0,0,30000,0.184,0.115,0.69,-0.0192,0.3683,0.0,9,-10000,0.214,0.214,0.571,-0.0281,0.0006,0.0,3,-10000,0.407,0.111,0.185,-6.9704,3.0764,0.0,19
9,-10000,0.19,0.19,0.571,-0.0188,0.2502,0.0,2,-10000,0.4,0.32,0.12,-0.0192,0.3683,0.0,9,-10000,0.162,0.189,0.649,-0.0202,0.0,0.0,5,30000,0.273,0.13,0.571,-0.4472,0.2478,0.0,21
10,30000,0.2,0.178,0.578,-0.0188,0.2502,0.0,2,-10000,0.182,0.114,0.693,-0.0192,0.3683,0.0,9,-10000,0.15,0.2,0.65,-0.0202,0.0,0.0,5,-10000,0.266,0.139,0.57,-0.4472,0.2478,0.0,21
11,30000,0.176,0.196,0.588,-0.0238,0.2508,0.0,4,-10000,0.18,0.112,0.697,-0.0192,0.3683,0.0,9,-10000,0.163,0.209,0.628,-0.0202,0.0,0.0,5,-10000,0.253,0.157,0.566,-0.4418,0.2483,0.0,23
12,30000,0.234,0.182,0.519,-9.7697,5.6121,0.0,5,-10000,0.181,0.117,0.691,-0.0192,0.3683,0.0,9,-10000,0.151,0.137,0.699,-0.0142,0.3344,0.0,8,-10000,0.25,0.155,0.571,-0.4418,0.2483,0.0,23
13,-10000,0.247,0.2,0.494,-3.4595,28.8424,0.0,7,-10000,0.414,0.345,0.103,-0.0192,0.3683,0.0,9,-10000,0.14,0.118,0.71,9.6637,58.1637,0.0,12,30000,0.248,0.139,0.594,-0.3674,0.3662,0.0,27
14,-10000,0.244,0.198,0.5,-3.4595,28.8424,0.0,7,-10000,0.179,0.126,0.684,-0.0192,0.3683,0.0,9,30000,0.135,0.125,0.708,9.6637,58.1637,0.0,12,-10000,0.406,0.344,0.125,-0.3674,0.3662,0.0,27
15,-10000,0.247,0.202,0.494,-3.4595,28.8424,0.0,7,-10000,0.177,0.135,0.677,-0.0192,0.3683,0.0,9,-10000,0.152,0.121,0.697,-3.4972,21.9872,0.0,13,30000,0.243,0.136,0.602,-0.3674,0.3662,0.0,27
16,-10000,0.253,0.2,0.495,-0.4574,0.2489,0.0,9,-10000,0.18,0.14,0.67,-0.0192,0.3683,0.0,9,-10000,0.0,0.0,1.0,-3.4972,21.9872,0.0,13,30000,0.259,0.139,0.583,-0.0189,0.0003,0.0,28
17,-10000,0.239,0.183,0.532,-0.015,0.3332,0.0,12,30000,0.23,0.123,0.639,-0.7757,0.0771,0.0,10,-10000,0.179,0.125,0.67,-0.2588,0.0081,0.0,14,-10000,0.238,0.0,0.762,-0.0189,0.0003,0.0,28
18,-10000,0.228,0.193,0.535,-0.015,0.3332,0.0,12,30000,0.0,0.077,0.846,-0.7757,0.0771,0.0,10,-10000,0.185,0.118,0.672,-0.03,0.2497,0.0,16,-10000,0.257,0.15,0.575,-0.0189,0.0003,0.0,28
19,30000,0.231,0.197,0.53,-0.015,0.3332,0.0,12,-10000,0.0,0.25,0.75,-0.7757,0.0771,0.0,10,-10000,0.183,0.117,0.675,-0.03,0.2497,0.0,16,-10000,0.252,0.165,0.565,-0.0189,0.0003,0.0,28
20,-10000,0.234,0.194,0.532,-0.015,0.3332,0.0,12,-10000,0.215,0.126,0.652,-0.7757,0.0771,0.0,10,-10000,0.0,0.5,0.5,-0.03,0.2497,0.0,16,30000,0.395,0.256,0.209,-0.0189,0.0003,0.0,28
21,-10000,0.23,0.19,0.54,-0.015,0.3332,0.0,12,-10000,0.0,1.0,0.0,-0.7757,0.0771,0.0,10,-10000,0.198,0.107,0.672,-0.0197,0.3326,0.0,19,30000,0.246,0.167,0.563,0.0155,0.2517,0.0,30
22,-10000,0.227,0.188,0.547,-9.71,29.5215,0.0,13,-10000,0.361,0.25,0.139,-0.7757,0.0771,0.0,10,30000,0.0,0.125,0.875,-0.0197,0.3326,0.0,19,-10000,0.242,0.172,0.562,0.0155,0.2517,0.0,30
23,-10000,0.223,0.185,0.554,-9.71,29.5215,0.0,13,-10000,0.143,0.0,0.857,-0.7757,0.0771,0.0,10,-10000,0.204,0.117,0.657,-0.0197,0.3326,0.0,19,30000,0.211,0.112,0.329,0.0155,0.2517,0.0,30
24,30000,0.221,0.191,0.55,-9.71,29.5215,0.0,13,-10000,0.213,0.132,0.647,-0.7757,0.0771,0.0,10,-10000,0.0,1.0,0.0,-0.0197,0.3326,0.0,19,-10000,0.24,0.171,0.566,0.0155,0.2517,0.0,30
25,-10000,0.226,0.188,0.549,-9.71,29.5215,0.0,13,-10000,0.217,0.138,0.638,-0.7757,0.0771,0.0,10,-10000,0.22,0.113,0.645,-3.5097,80.7824,0.0,20,30000,0.0,0.0,1.0,0.0155,0.2517,0.0,30
26,-10000,0.236,0.182,0.547,-0.0101,0.2498,0.0,16,-10000,0.217,0.14,0.631,-0.392,0.0191,0.0,11,-10000,0.167,0.0,0.833,-3.5097,80.7824,0.0,20,30000,0.204,0.163,0.204,0.0155,0.2517,0.0,30
27,-10000,0.217,0.169,0.584,-0.0113,0.3674,0.0,20,-10000,0.214,0.139,0.63,-0.392,0.0191,0.0,11,-10000,0.0,0.333,0.667,-3.5097,80.7824,0.0,20,30000,0.191,0.126,0.295,0.0155,0.2517,0.0,30
28,-10000,0.196,0.152,0.625,0.0007,0.3327,0.0,29,-10000,0.0,1.0,0.0,-0.392,0.0191,0.0,11,-10000,0.205,0.127,0.651,-0.0181,0.3873,0.0,25,30000,0.178,0.119,0.288,0.0155,0.2517,0.0,30
29,-10000,0.195,0.151,0.627,0.0007,0.3327,0.0,29,30000,0.213,0.131,0.639,-0.392,0.0191,0.0,11,-10000,0.0,0.5,0.5,-0.0181,0.3873,0.0,25,-10000,0.255,0.163,0.56,-3.4999,21.2568,1.9457,32
30,-10000,0.193,0.15,0.631,0.0007,0.3327,0.0,29,30000,0.203,0.139,0.644,0.0055,0.0,0.0,12,-10000,0.227,0.127,0.63,-0.0181,0.3873,0.0,25,-10000,0.167,0.0,0.833,-3.4999,21.2568,1.9457,32
31,-10000,0.192,0.154,0.625,0.0007,0.3327,0.0,29,-10000,0.205,0.137,0.644,0.0055,0.0,0.0,12,30000,0.158,0.0,0.842,-0.0181,0.3873,0.0,25,-10000,0.248,0.159,0.572,0.0768,0.0009,1.9424,33
32,-10000,0.189,0.156,0.627,0.0007,0.3327,0.0,29,30000,0.178,0.138,0.28,0.0055,0.0,0.0,12,-10000,0.226,0.134,0.624,-0.0181,0.3873,0.0,25,-10000,0.0,0.0,1.0,0.0768,0.0009,1.9424,33
33,-10000,0.187,0.164,0.621,0.0007,0.3327,0.0,29,-10000,0.204,0.136,0.646,0.0055,0.0,0.0,12,30000,0.0,0.333,0.667,-0.0181,0.3873,0.0,25,-10000,0.257,0.162,0.561,0.0768,0.0009,1.9424,33
34,-10000,0.186,0.168,0.618,0.0007,0.3327,0.0,29,30000,0.201,0.139,0.643,-0.0027,0.3976,0.0,19,-10000,0.231,0.0,0.769,-0.0181,0.3873,0.0,25,-10000,0.25,0.158,0.572,0.0768,0.0009,1.9397,33
35,-10000,0.189,0.163,0.622,0.0007,0.3327,0.0,29,-10000,0.202,0.138,0.644,-0.0027,0.3976,0.0,19,-10000,0.25,0.25,0.5,-0.0181,0.3873,0.0,25,30000,0.241,0.148,0.586,0.0768,0.0009,1.9371,33
36,-10000,0.193,0.168,0.613,0.0007,0.3327,0.0,29,30000,0.0,0.125,0.875,-0.0027,0.3976,0.0,19,-10000,0.197,0.137,0.269,-0.0181,0.3873,0.0,25,-10000,0.259,0.147,0.571,-0.0036,0.0,1.9332,34
37,30000,0.185,0.165,0.621,9.7094,29.4749,0.0,30,-10000,0.202,0.139,0.269,-0.0027,0.3976,0.0,19,-10000,0.227,0.129,0.619,-0.0279,0.0006,0.0,26,-10000,0.0,0.5,0.5,-0.0036,0.0,1.9332,34
38,30000,0.19,0.162,0.621,9.7094,29.4749,0.0,30,-10000,0.0,0.25,0.75,-0.0027,0.3976,0.0,19,-10000,0.23,0.133,0.612,-0.0279,0.0006,0.0,26,-10000,0.204,0.142,0.267,-0.0036,0.0,1.9332,34
39,30000,0.188,0.165,0.62,0.0302,0.0002,0.0,31,-10000,0.197,0.143,0.645,-0.0027,0.3976,0.0,19,-10000,0.198,0.188,0.198,-0.0279,0.0006,0.0,26,-10000,0.0,0.0,1.0,-0.0036,0.0,1.9332,34
40,-10000,0.187,0.164,0.623,0.0302,0.0002,0.0,31,-10000,0.192,0.147,0.647,-0.0027,0.3976,0.0,19,-10000,0.0,0.5,0.5,-0.0279,0.0006,0.0,26,30000,0.254,0.153,0.571,-0.0036,0.0,1.9332,34
41,-10000,0.187,0.162,0.626,-0.0015,0.2505,1.945,33,30000,0.19,0.143,0.649,-0.4382,0.2514,0.0,21,-10000,0.229,0.134,0.607,-0.0279,0.0006,0.0,26,-10000,0.0,0.333,0.667,-0.0036,0.0,1.9332,34
42,30000,0.188,0.16,0.625,-0.0015,0.2505,1.9413,33,-10000,0.182,0.182,0.636,-0.4382,0.2514,0.0,21,-10000,0.212,0.143,0.265,-0.0279,0.0006,0.0,26,-10000,0.238,0.153,0.587,0.0002,0.3881,1.9332,39
43,30000,0.188,0.168,0.617,-0.0015,0.2505,1.9413,33,-10000,0.184,0.142,0.656,0.0067,0.3342,0.0,24,-10000,0.0,0.2,0.8,-0.0279,0.0006,0.0,26,-10000,0.232,0.152,0.591,0.0064,0.2529,1.9299,41
44,-10000,0.188,0.165,0.618,-0.0015,0.2505,1.9381,33,30000,0.0,0.364,0.455,0.0067,0.3342,0.0,24,-10000,0.227,0.138,0.606,-0.0279,0.0006,0.0,26,-10000,0.198,0.216,0.18,0.0064,0.2529,1.9299,41
45,30000,0.193,0.165,0.614,-0.0015,0.2505,1.9325,33,-10000,0.176,0.147,0.661,-0.0005,0.3867,0.0,29,-10000,0.0,0.0,1.0,-0.0279,0.0006,0.0,26,-10000,0.234,0.153,0.589,-0.4398,0.2476,1.9202,43
46,-10000,0.191,0.163,0.618,0.2379,0.0079,1.9325,34,30000,0.211,0.128,0.27,-0.0005,0.3867,0.0,29,-10000,0.242,0.144,0.589,-0.0168,0.0,1.9453,33,-10000,0.273,0.0,0.727,-0.4398,0.2476,1.9202,43
47,-10000,0.19,0.162,0.62,0.2379,0.0079,1.9325,34,-10000,0.105,0.0,0.895,-0.0005,0.3867,0.0,29,-10000,0.239,0.151,0.584,-0.0168,0.0,1.9453,33,30000,0.206,0.14,0.289,-0.4398,0.2476,1.9202,43
48,-10000,0.19,0.157,0.626,0.2379,0.0079,1.9233,34,-10000,0.174,0.145,0.665,-0.0005,0.3867,0.0,29,-10000,0.244,0.157,0.574,-0.0279,0.0006,1.941,34,30000,0.267,0.0,0.733,-0.4398,0.2476,1.9202,43
49,30000,0.188,0.153,0.633,-0.0036,0.3685,1.9233,38,-10000,0.0,0.333,0.667,-0.0005,0.3867,0.0,29,-10000,0.242,0.156,0.578,-0.0279,0.0006,1.941,34,-10000,0.227,0.157,0.593,-0.4398,0.2476,1.9202,43
50,30000,0.191,0.152,0.629,-0.0016,0.2495,1.9192,40,-10000,0.179,0.143,0.663,-0.445,0.2514,1.94,34,-10000,0.238,0.157,0.581,-0.0279,0.0006,1.941,34,-10000,0.0,0.25,0.75,-0.4398,0.2476,1.9202,43
51,-10000,0.191,0.155,0.627,-0.0016,0.2495,1.9192,40,30000,0.179,0.145,0.661,-0.445,0.2514,1.94,34,-10000,0.0,1.0,0.0,-0.0279,0.0006,1.941,34,-10000,0.225,0.156,0.596,-9.7248,29.4997,1.9179,44
52,-10000,0.193,0.138,0.638,0.005,0.3341,1.889,44,30000,0.223,0.17,0.27,-0.445,0.2514,1.94,34,-10000,0.236,0.164,0.576,-3.3897,30.0528,1.9382,35,-10000,0.0,0.5,0.5,-9.7248,29.4997,1.9179,44
53,-10000,0.193,0.14,0.636,0.005,0.3341,1.889,44,-10000,0.222,0.0,0.778,-0.445,0.2514,1.94,34,30000,0.229,0.171,0.578,-3.3897,30.0528,1.9382,35,-10000,0.224,0.155,0.598,-9.7248,29.4997,1.9179,44
54,-10000,0.192,0.141,0.635,0.005,0.3341,1.8653,44,30000,0.0,0.0,1.0,-0.445,0.2514,1.94,34,-10000,0.23,0.176,0.571,-3.3906,30.8258,1.9359,36,-10000,0.204,0.221,0.177,-9.7248,29.4997,1.9179,44
55,30000,0.194,0.142,0.634,0.005,0.3341,1.8653,44,-10000,0.177,0.15,0.658,-0.445,0.2514,1.94,34,-10000,0.226,0.173,0.575,-3.3906,30.8258,1.9359,36,-10000,0.0,0.333,0.667,-9.7248,29.4997,1.9179,44
56,-10000,0.199,0.137,0.634,0.005,0.3341,1.8515,44,-10000,0.177,0.15,0.659,-0.445,0.2514,1.9346,34,30000,0.0,0.062,0.938,-3.3906,30.8258,1.9359,36,-10000,0.223,0.156,0.598,-9.7248,29.4997,1.9179,44
57,-10000,0.201,0.138,0.632,0.005,0.3341,1.8911,44,-10000,0.178,0.15,0.658,0.0055,0.3858,1.9288,39,30000,0.143,0.0,0.857,-3.3906,30.8258,1.9359,36,-10000,0.226,0.155,0.597,-9.7248,29.4997,1.9195,44
58,-10000,0.198,0.138,0.634,0.0013,0.333,1.8399,47,-10000,0.0,0.143,0.857,0.0055,0.3858,1.9288,39,30000,0.23,0.162,0.574,0.0019,0.3689,1.9285,40,-10000,0.224,0.154,0.601,-9.7463,29.5048,1.9195,45
59,30000,0.196,0.136,0.639,-0.0066,0.3684,1.8905,52,-10000,0.0,0.5,0.5,0.0055,0.3858,1.9288,39,-10000,0.229,0.16,0.577,0.0019,0.3689,1.9285,40,-10000,0.229,0.146,0.604,-0.4246,0.2474,1.9035,47
60,30000,0.199,0.133,0.639,-0.0066,0.3684,1.8905,52,-10000,0.0,0.0,1.0,0.0055,0.3858,1.9288,39,-10000,0.225,0.166,0.576,0.0019,0.3689,1.9232,40,-10000,0.227,0.149,0.603,-0.4246,0.2474,1.9035,47
61,-10000,0.21,0.132,0.631,-0.0066,0.3684,1.8637,52,-10000,0.179,0.152,0.656,0.0055,0.3858,1.9189,39,30000,0.0,0.0,0.889,0.0019,0.3689,1.9232,40,-10000,0.23,0.17,0.268,-0.4246,0.2474,1.9035,47
62,-10000,0.212,0.132,0.629,-0.4278,0.3308,1.8902,55,-10000,0.2,0.217,0.191,0.0055,0.3858,1.9189,39,-10000,0.222,0.17,0.575,-0.4514,0.2496,1.9232,42,30000,0.0,0.094,0.25,-0.4246,0.2474,1.9035,47
63,-10000,0.22,0.13,0.623,-0.0782,0.0007,1.8282,56,30000,0.091,0.0,0.909,0.0055,0.3858,1.9189,39,-10000,0.197,0.246,0.18,-0.4514,0.2496,1.9232,42,-10000,0.216,0.149,0.616,0.0199,0.3714,1.9035,51
64,-10000,0.227,0.126,0.619,-3.4061,29.2779,1.8232,57,-10000,0.179,0.151,0.657,0.0055,0.3858,1.9189,39,-10000,0.0,1.0,0.0,-0.4514,0.2496,1.9232,42,30000,0.212,0.158,0.612,0.1827,0.0048,1.9091,54
65,-10000,0.228,0.127,0.618,-3.4061,29.2779,1.8181,57,30000,0.0,0.0,1.0,0.0055,0.3858,1.9189,39,-10000,0.221,0.172,0.575,-0.4514,0.2496,1.9201,42,-10000,0.21,0.164,0.609,0.1827,0.0048,1.9091,54
66,30000,0.235,0.126,0.612,-3.4061,29.2779,1.8449,57,-10000,0.181,0.15,0.656,0.1302,0.0025,1.8949,44,-10000,0.0,0.0,1.0,-0.4514,0.2496,1.9201,42,-10000,0.208,0.166,0.608,0.1827,0.0048,1.9091,54
67,30000,0.234,0.127,0.613,-3.4061,29.2779,1.7601,57,-10000,0.181,0.149,0.657,0.1302,0.0025,1.8949,44,-10000,0.0,0.5,0.5,-0.4514,0.2496,1.9201,42,-10000,0.216,0.156,0.605,0.0189,0.2491,1.9123,61
68,-10000,0.235,0.127,0.612,-0.0395,0.0001,1.7601,58,30000,0.083,0.0,0.917,0.1302,0.0025,1.8949,44,-10000,0.22,0.176,0.572,-0.4514,0.2496,1.9201,42,-10000,0.213,0.158,0.606,0.0189,0.2491,1.8863,61
69,-10000,0.235,0.127,0.612,-0.0395,0.0001,1.7601,58,-10000,0.0,1.0,0.0,0.1302,0.0025,1.8949,44,-10000,0.195,0.252,0.179,-0.4514,0.2496,1.9201,42,30000,0.212,0.16,0.606,0.0189,0.2491,1.8863,61
70,-10000,0.238,0.125,0.611,-9.7396,59.4448,1.8336,60,30000,0.185,0.149,0.654,0.1302,0.0025,1.9015,44,-10000,0.214,0.244,0.191,-0.4514,0.2496,1.9201,42,-10000,0.0,0.5,0.5,0.0189,0.2491,1.8863,61
71,-10000,0.237,0.125,0.613,-0.0032,0.2506,1.7767,62,30000,0.194,0.264,0.188,0.1302,0.0025,1.9015,44,-10000,0.0,0.0,1.0,-0.4514,0.2496,1.9201,42,-10000,0.211,0.165,0.602,-0.3182,0.3709,1.8863,65
72,-10000,0.237,0.129,0.61,-3.5288,13.382,1.8706,67,-10000,0.286,0.0,0.714,0.1302,0.0025,1.9015,44,30000,0.226,0.168,0.575,0.4395,0.2513,1.9192,44,-10000,0.21,0.159,0.61,-0.3182,0.3709,1.8872,65
73,-10000,0.238,0.128,0.609,-0.0267,0.0001,1.8706,68,-10000,0.183,0.148,0.656,0.1302,0.0025,1.9015,44,-10000,0.223,0.167,0.58,-0.0113,0.2501,1.9113,46,30000,0.0,0.625,0.375,-0.3182,0.3709,1.8872,65
74,30000,0.239,0.127,0.61,-0.0267,0.0001,1.8706,68,-10000,0.0,0.333,0.667,0.1302,0.0025,1.9015,44,-10000,0.221,0.168,0.582,-0.0113,0.2501,1.9113,46,-10000,0.208,0.161,0.61,-0.3182,0.3709,1.8872,65
75,-10000,0.238,0.127,0.611,-9.7126,29.5054,1.8193,69,30000,0.0,0.062,0.281,0.1302,0.0025,1.9015,44,-10000,0.22,0.17,0.581,-0.0113,0.2501,1.9113,46,-10000,0.21,0.164,0.602,-0.3182,0.3709,1.9022,65
76,-10000,0.241,0.129,0.607,0.0092,0.2492,1.8513,73,30000,0.202,0.27,0.208,0.1302,0.0025,1.9015,44,-10000,0.0,0.0,1.0,-0.0113,0.2501,1.9113,46,-10000,0.216,0.16,0.598,0.0552,0.0005,1.8791,72
77,-10000,0.24,0.128,0.607,0.0092,0.2492,1.9225,73,-10000,0.184,0.149,0.655,0.1302,0.0025,1.8682,44,30000,0.228,0.163,0.58,-0.0113,0.2501,1.9109,46,-10000,0.0,0.0,1.0,0.0552,0.0005,1.8791,72
78,-10000,0.24,0.128,0.608,0.0092,0.2492,1.9207,73,-10000,0.197,0.266,0.202,0.1302,0.0025,1.8682,44,30000,0.187,0.0,0.813,-0.0113,0.2501,1.9109,46,-10000,0.21,0.153,0.609,0.0084,0.4363,1.8122,93
79,-10000,0.239,0.128,0.608,0.0092,0.2492,1.9207,73,30000,0.0,0.074,0.111,0.1302,0.0025,1.8682,44,-10000,0.228,0.166,0.579,-0.0113,0.2501,1.9109,46,-10000,0.214,0.152,0.607,0.0084,0.4363,1.9901,93
80,-10000,0.239,0.128,0.609,0.0092,0.2492,1.9207,73,-10000,0.0,1.0,0.0,0.1302,0.0025,1.8682,44,-10000,0.227,0.17,0.575,3.3809,59.5939,1.9142,47,30000,0.215,0.153,0.605,0.0084,0.4363,1.8222,93
81,-10000,0.238,0.127,0.611,9.7317,59.6341,1.7973,74,30000,0.235,0.17,0.265,0.1302,0.0025,1.8682,44,-10000,0.227,0.17,0.576,3.3809,59.5939,1.9004,47,-10000,0.0,1.0,0.0,0.0084,0.4363,1.8222,93
82,-10000,0.238,0.127,0.611,9.7317,59.6341,1.7973,74,30000,0.186,0.149,0.653,0.1302,0.0025,1.8682,44,-10000,0.225,0.171,0.578,3.3809,59.5939,1.8967,47,-10000,0.0,0.5,0.5,0.0084,0.4363,1.8222,93
83,-10000,0.245,0.126,0.606,-0.1308,0.002,1.7383,75,-10000,0.188,0.147,0.653,0.1302,0.0025,1.8504,44,-10000,0.222,0.169,0.583,3.3809,59.5939,1.8967,47,30000,0.034,0.0,0.966,0.0084,0.4363,1.8222,93
84,-10000,0.242,0.128,0.607,-0.4034,0.3326,1.8208,78,30000,0.0,0.143,0.857,0.1302,0.0025,1.8504,44,-10000,0.224,0.167,0.583,-9.8119,11.1686,1.8967,48,-10000,0.213,0.152,0.608,0.0084,0.4363,1.8222,93
85,-10000,0.242,0.128,0.607,-0.4034,0.3326,1.8208,78,30000,0.188,0.149,0.651,0.1302,0.0025,1.8504,44,-10000,0.0,1.0,0.0,-9.8119,11.1686,1.8967,48,-10000,0.213,0.154,0.607,0.0084,0.4363,1.9561,93
86,-10000,0.246,0.124,0.608,0.0224,0.3339,1.7669,83,30000,0.187,0.142,0.658,0.0199,0.3343,1.8501,47,-10000,0.0,0.0,1.0,-9.8119,11.1686,1.8967,48,-10000,0.234,0.172,0.266,0.0084,0.4363,1.9561,93
87,30000,0.252,0.125,0.598,-9.914,10.845,1.7958,85,-10000,0.234,0.246,0.214,0.0199,0.3343,1.8501,47,-10000,0.0,0.0,1.0,-9.8119,11.1686,1.8967,48,-10000,0.227,0.155,0.592,-0.4273,0.2495,1.8407,96
88,30000,0.251,0.123,0.599,-9.914,10.845,1.9164,85,-10000,0.242,0.246,0.207,0.0199,0.3343,1.8501,47,-10000,0.0,0.167,0.833,-9.8119,11.1686,1.8967,48,-10000,0.225,0.153,0.596,0.0296,0.3304,1.8407,99
89,-10000,0.252,0.124,0.597,-9.914,10.845,1.7873,85,-10000,0.187,0.144,0.656,0.0199,0.3343,1.8501,47,30000,0.252,0.248,0.202,-9.8119,11.1686,1.8967,48,-10000,0.0,0.0,1.0,0.0296,0.3304,1.8407,99
90,30000,0.254,0.124,0.594,0.0204,0.2498,1.8651,88,-10000,0.221,0.175,0.25,0.0199,0.3343,1.8501,47,-10000,0.223,0.166,0.586,-9.8119,11.1686,1.8762,48,-10000,0.0,1.0,0.0,0.0296,0.3304,1.8407,99
91,30000,0.251,0.126,0.596,0.0204,0.2498,1.7735,88,-10000,0.186,0.148,0.653,0.0199,0.3343,1.8294,47,-10000,0.0,0.5,0.25,-9.8119,11.1686,1.8762,48,-10000,0.226,0.151,0.597,-9.7959,5.1699,1.9193,100
92,-10000,0.251,0.122,0.6,-0.3045,0.3851,1.8067,94,-10000,0.167,0.0,0.833,0.0199,0.3343,1.8294,47,30000,0.222,0.161,0.593,9.765,47.923,1.8868,49,-10000,0.214,0.183,0.232,-9.7959,5.1699,1.9193,100
93,-10000,0.251,0.122,0.6,-0.3045,0.3851,1.7789,94,30000,0.235,0.228,0.183,0.0199,0.3343,1.8294,47,-10000,0.0,0.8,0.2,9.765,47.923,1.8868,49,-10000,0.225,0.146,0.605,0.0241,0.2507,1.9262,106
94,-10000,0.252,0.121,0.6,-0.3045,0.3851,1.7789,94,-10000,0.185,0.15,0.651,0.0199,0.3343,1.8294,47,-10000,0.223,0.163,0.59,9.765,47.923,1.8868,49,30000,0.0,0.143,0.286,0.0241,0.2507,1.9262,106
95,-10000,0.251,0.122,0.6,-0.3045,0.3851,1.7789,94,-10000,0.0,0.0,1.0,0.0199,0.3343,1.8294,47,30000,0.223,0.165,0.588,9.765,47.923,1.9013,49,-10000,0.23,0.148,0.599,0.0241,0.2507,1.8049,106
96,-10000,0.252,0.123,0.599,-0.3045,0.3851,1.7701,94,-10000,0.185,0.152,0.651,0.0199,0.3343,1.8294,47,-10000,0.222,0.165,0.589,-9.6368,29.5118,1.8681,50,30000,0.0,0.143,0.857,0.0241,0.2507,1.8049,106
97,-10000,0.251,0.122,0.6,-0.3045,0.3851,1.7701,94,-10000,0.0,0.2,0.2,0.0199,0.3343,1.8294,47,30000,0.223,0.164,0.59,-9.6368,29.5118,1.8211,50,-10000,0.231,0.146,0.598,-3.4951,22.3261,1.8049,109
98,-10000,0.248,0.121,0.604,0.3902,0.3704,1.8161,98,-10000,0.0,0.0,1.0,0.0199,0.3343,1.8294,47,30000,0.235,0.235,0.183,-9.6368,29.5118,1.8211,50,-10000,0.235,0.145,0.596,-0.0155,0.0,1.8681,110
99,-10000,0.248,0.12,0.605,0.3902,0.3704,1.685,98,30000,0.222,0.183,0.228,0.0199,0.3343,1.8294,47,-10000,0.223,0.162,0.591,0.0348,0.0003,1.8773,51,-10000,0.0,0.0,1.0,-0.0155,0.0,1.8681,110
100,30000,0.245,0.12,0.609,0.0446,0.3986,1.9058,104,-10000,0.182,0.0,0.818,0.0199,0.3343,1.8294,47,-10000,0.223,0.164,0.59,0.0348,0.0003,1.8303,51,-10000,0.233,0.147,0.595,-0.4287,0.2484,1.8681,112
101,-10000,0.244,0.121,0.609,-0.0049,0.3307,1.9058,107,-10000,0.0,0.556,0.111,0.0199,0.3343,1.8294,47,-10000,0.223,0.161,0.587,0.0348,0.0003,1.8303,51,30000,0.232,0.149,0.593,-0.4287,0.2484,1.8524,112
102,-10000,0.244,0.121,0.609,-0.0049,0.3307,1.6536,107,30000,0.186,0.153,0.648,0.0199,0.3343,1.8644,47,-10000,0.0,0.5,0.5,0.0348,0.0003,1.8303,51,-10000,0.231,0.148,0.595,-0.4287,0.2484,1.8524,112
103,-10000,0.244,0.122,0.608,-0.0049,0.3307,1.6536,107,-10000,0.0,0.5,0.5,0.0199,0.3343,1.8644,47,-10000,0.221,0.152,0.592,0.0084,0.2502,1.9113,57,30000,0.232,0.184,0.226,-0.4287,0.2484,1.8524,112
104,-10000,0.243,0.124,0.608,-0.0049,0.3307,1.6536,107,30000,0.184,0.154,0.649,0.0199,0.3343,1.8644,47,-10000,0.0,0.0,1.0,0.0084,0.2502,1.9113,57,-10000,0.23,0.149,0.595,-0.4287,0.2484,1.8524,112
105,-10000,0.242,0.124,0.607,-0.0049,0.3307,1.6536,107,30000,0.186,0.151,0.649,0.0199,0.3343,1.7667,47,-10000,0.224,0.149,0.592,0.0084,0.2502,1.8243,57,-10000,0.0,0.5,0.5,-0.4287,0.2484,1.8524,112
106,-10000,0.241,0.125,0.607,0.0421,0.3351,1.8058,112,30000,0.194,0.15,0.642,-0.1318,0.0019,1.7442,54,-10000,0.223,0.153,0.587,0.0037,0.2519,1.7897,59,-10000,0.0,0.5,0.5,-0.4287,0.2484,1.8524,112
107,-10000,0.239,0.126,0.609,0.0421,0.3351,1.8058,112,30000,0.185,0.142,0.658,0.0388,0.2491,1.8715,56,-10000,0.241,0.199,0.215,0.0037,0.2519,1.7897,59,-10000,0.0,0.0,1.0,-0.4287,0.2484,1.8524,112
108,-10000,0.239,0.125,0.609,0.0421,0.3351,1.8563,112,-10000,0.0,0.0,1.0,0.0388,0.2491,1.8715,56,30000,0.224,0.153,0.588,0.0037,0.2519,1.7897,59,-10000,0.23,0.153,0.592,-0.4287,0.2484,1.8523,112
109,-10000,0.239,0.126,0.609,0.0421,0.3351,1.8563,112,-10000,0.188,0.14,0.657,0.0388,0.2491,1.8583,56,30000,0.0,0.1,0.9,0.0037,0.2519,1.7897,59,-10000,0.23,0.152,0.592,-0.4287,0.2484,1.8523,112
110,-10000,0.24,0.124,0.609,0.0421,0.3351,1.7515,112,30000,0.191,0.14,0.653,0.0388,0.2491,1.8476,56,-10000,0.0,1.0,0.0,0.0037,0.2519,1.7897,59,-10000,0.231,0.153,0.591,-0.4287,0.2484,1.8523,112
111,-10000,0.239,0.126,0.608,0.0421,0.3351,1.7158,112,-10000,0.19,0.139,0.655,0.0388,0.2491,1.8476,56,30000,0.0,0.5,0.5,0.0037,0.2519,1.7897,59,-10000,0.229,0.155,0.591,-0.3977,0.3294,1.786,115
112,-10000,0.239,0.126,0.609,0.0421,0.3351,1.7158,112,30000,0.192,0.14,0.652,0.0388,0.2491,1.7458,56,-10000,0.0,0.2,0.8,0.0037,0.2519,1.7897,59,-10000,0.228,0.154,0.593,-9.8132,29.4986,1.786,116
113,-10000,0.241,0.125,0.609,-9.7995,13.9678,1.7488,113,-10000,0.192,0.142,0.651,0.0388,0.2491,1.7458,56,-10000,0.0,1.0,0.0,0.0037,0.2519,1.7897,59,30000,0.226,0.147,0.603,0.4329,0.3353,1.87,129
114,-10000,0.239,0.125,0.61,0.0631,0.3675,1.708,117,30000,0.238,0.198,0.219,0.0388,0.2491,1.7458,56,-10000,0.222,0.151,0.591,-0.0109,0.25,1.7897,61,-10000,0.0,0.256,0.103,0.4329,0.3353,1.87,129
115,-10000,0.24,0.123,0.611,0.0631,0.3675,1.6939,117,-10000,0.0,0.0,1.0,0.0388,0.2491,1.7458,56,30000,0.228,0.148,0.586,0.0103,0.0001,1.8268,62,-10000,0.227,0.148,0.601,0.4329,0.3353,1.9289,129
116,-10000,0.24,0.123,0.611,0.0631,0.3675,1.7862,117,-10000,0.0,1.0,0.0,0.0388,0.2491,1.7458,56,-10000,0.239,0.242,0.186,0.0103,0.0001,1.8268,62,30000,0.23,0.145,0.603,0.2049,0.0058,1.8593,130
117,30000,0.247,0.121,0.607,0.0515,0.2496,1.8265,121,-10000,0.0,0.0,1.0,0.0388,0.2491,1.7458,56,-10000,0.231,0.148,0.584,0.0062,0.3328,1.8033,66,-10000,0.232,0.141,0.599,0.0549,0.0005,1.8651,138
118,-10000,0.247,0.12,0.608,-9.712,29.3855,1.8295,122,-10000,0.0,0.0,1.0,0.0388,0.2491,1.7458,56,-10000,0.231,0.15,0.582,-3.367,28.7916,1.8033,67,30000,0.244,0.235,0.195,0.0549,0.0005,1.8651,138
119,-10000,0.248,0.119,0.608,-0.3966,0.3296,1.8295,125,30000,0.0,0.0,1.0,0.0388,0.2491,1.7458,56,-10000,0.238,0.199,0.22,-3.367,28.7916,1.8033,67,-10000,0.233,0.141,0.599,0.021,0.3277,1.7773,144
120,-10000,0.248,0.119,0.608,-0.3966,0.3296,1.73,125,-10000,0.0,0.0,1.0,0.0388,0.2491,1.7458,56,-10000,0.23,0.151,0.579,0.034,0.0003,1.8094,68,30000,0.217,0.191,0.218,0.021,0.3277,1.7773,144
121,-10000,0.247,0.119,0.609,-9.7081,29.4774,1.73,126,-10000,0.188,0.145,0.649,0.0199,0.3871,1.7801,61,-10000,0.246,0.232,0.201,0.034,0.0003,1.8094,68,30000,0.056,0.0,0.944,0.021,0.3277,1.7773,144
122,-10000,0.246,0.118,0.607,0.0614,0.3286,1.6802,129,-10000,0.187,0.143,0.652,0.0199,0.3871,1.7801,61,-10000,0.0,0.246,0.0,0.034,0.0003,1.8094,68,30000,0.2,0.168,0.221,0.021,0.3277,1.7773,144
123,30000,0.247,0.118,0.608,0.0614,0.3286,1.6802,129,-10000,0.185,0.148,0.649,0.0094,0.3743,1.884,65,-10000,0.228,0.15,0.581,0.0016,0.2509,1.8094,70,-10000,0.0,0.333,0.667,0.021,0.3277,1.7773,144
124,-10000,0.245,0.117,0.61,0.0614,0.3286,1.6563,129,30000,0.176,0.0,0.824,0.0094,0.3743,1.884,65,-10000,0.197,0.174,0.222,0.0016,0.2509,1.8094,70,-10000,0.233,0.14,0.599,0.021,0.3277,1.7773,144
125,30000,0.247,0.117,0.609,0.0232,0.0007,1.7613,130,-10000,0.0,1.0,0.0,0.0094,0.3743,1.884,65,-10000,0.251,0.231,0.201,0.0016,0.2509,1.8094,70,-10000,0.234,0.139,0.599,-0.1181,0.0016,1.8156,145
126,-10000,0.246,0.116,0.611,0.026,0.3332,1.7613,135,30000,0.205,0.181,0.219,0.0094,0.3743,1.884,65,-10000,0.226,0.144,0.589,0.0041,0.0,1.8795,76,-10000,0.0,0.0,1.0,-0.1181,0.0016,1.8156,145
127,30000,0.246,0.115,0.612,0.026,0.3332,1.6882,135,-10000,0.256,0.231,0.198,0.0094,0.3743,1.884,65,-10000,0.0,0.0,1.0,0.0041,0.0,1.8795,76,-10000,0.234,0.136,0.603,0.0152,0.3342,1.8367,148
128,-10000,0.246,0.114,0.613,0.026,0.3332,1.6882,135,30000,0.0,1.0,0.0,0.0094,0.3743,1.884,65,-10000,0.225,0.145,0.588,0.0041,0.0,1.8795,76,-10000,0.234,0.137,0.603,0.0152,0.3342,1.8367,148
129,-10000,0.245,0.116,0.612,0.026,0.3332,1.6945,135,-10000,0.186,0.148,0.648,0.0094,0.3743,1.884,65,30000,0.228,0.147,0.585,-0.7865,0.078,1.6815,77,-10000,0.0,0.0,1.0,0.0152,0.3342,1.8367,148
130,-10000,0.246,0.116,0.611,0.026,0.3332,1.6945,135,30000,0.189,0.148,0.645,0.0094,0.3743,1.7421,65,-10000,0.228,0.149,0.584,-0.7865,0.078,1.6815,77,-10000,0.0,0.0,1.0,0.0152,0.3342,1.8367,148
131,30000,0.245,0.115,0.613,0.3108,0.0133,1.6872,137,-10000,0.199,0.15,0.634,-3.4791,16.4225,1.8588,69,-10000,0.333,0.0,0.667,-0.7865,0.078,1.6815,77,-10000,0.237,0.138,0.598,-0.2527,0.008,1.8213,149
132,30000,0.246,0.115,0.612,-0.1002,0.0012,1.6062,138,-10000,0.0,0.5,0.5,-3.4791,16.4225,1.8588,69,-10000,0.23,0.148,0.581,-9.8464,16.0496,1.7781,78,-10000,0.237,0.138,0.599,-0.2527,0.008,1.8213,149
133,30000,0.247,0.116,0.61,3.6245,89.5623,1.6376,139,-10000,0.199,0.151,0.633,-3.4791,16.4225,1.8588,69,-10000,0.0,1.0,0.0,-9.8464,16.0496,1.7781,78,-10000,0.236,0.139,0.6,-0.2527,0.008,1.8566,149
134,-10000,0.246,0.117,0.609,3.6245,89.5623,1.6376,139,-10000,0.198,0.154,0.631,-3.4702,29.484,1.8588,70,-10000,0.0,1.0,0.0,-9.8464,16.0496,1.7781,78,30000,0.236,0.139,0.6,-0.2527,0.008,1.8566,149
135,-10000,0.245,0.116,0.612,0.0499,0.2491,1.5956,143,-10000,0.0,0.5,0.5,-3.4702,29.484,1.8588,70,30000,0.231,0.149,0.579,-9.8464,16.0496,1.8691,78,-10000,0.254,0.232,0.202,-0.2527,0.008,1.8566,149
136,-10000,0.246,0.115,0.612,0.0662,0.2495,1.5956,145,30000,0.0,0.0,1.0,-3.4702,29.484,1.8588,70,-10000,0.209,0.181,0.219,-9.8464,16.0496,1.8691,78,-10000,0.238,0.14,0.597,-0.4268,0.2485,1.8006,151
137,-10000,0.246,0.115,0.611,0.0662,0.2495,1.4986,145,-10000,0.0,0.0,1.0,-3.4702,29.484,1.8588,70,30000,0.21,0.182,0.217,-9.8464,16.0496,1.8691,78,-10000,0.237,0.141,0.596,3.3664,59.0783,1.788,152
138,-10000,0.25,0.116,0.607,0.0662,0.2495,1.7394,145,-10000,0.198,0.155,0.63,-3.4702,29.484,1.7148,70,30000,0.217,0.181,0.215,-9.8464,16.0496,1.8691,78,-10000,0.0,0.0,1.0,3.3664,59.0783,1.788,152
139,-10000,0.252,0.115,0.606,-0.0464,0.0002,1.6946,146,-10000,0.2,0.152,0.631,0.0241,0.3338,1.6677,73,-10000,0.0,0.0,1.0,-9.8464,16.0496,1.8691,78,30000,0.244,0.217,0.237,3.3664,59.0783,1.788,152
140,-10000,0.251,0.117,0.605,-0.0464,0.0002,1.605,146,-10000,0.022,0.217,0.109,0.0241,0.3338,1.6677,73,-10000,0.235,0.147,0.578,-9.8464,16.0496,1.7931,78,30000,0.238,0.14,0.592,0.0275,0.3743,1.797,156
141,-10000,0.253,0.117,0.604,-9.4987,63.5711,1.5701,149,-10000,0.202,0.152,0.628,0.0241,0.3338,1.6677,73,30000,0.234,0.145,0.579,-9.8464,16.0496,1.7972,78,-10000,0.0,0.0,1.0,0.0275,0.3743,1.797,156
142,-10000,0.253,0.117,0.603,0.0542,0.2486,1.5701,151,30000,0.199,0.153,0.629,0.0241,0.3338,1.7677,73,-10000,0.236,0.144,0.579,-9.8464,16.0496,1.7347,78,-10000,0.0,0.25,0.75,0.0275,0.3743,1.797,156
143,-10000,0.252,0.115,0.605,0.0313,0.3369,1.7277,155,30000,0.204,0.152,0.627,0.0153,0.0001,1.6461,74,-10000,0.0,1.0,0.0,-9.8464,16.0496,1.7347,78,-10000,0.237,0.137,0.595,0.0089,0.3354,1.6522,162
144,-10000,0.254,0.113,0.606,0.0231,0.3343,1.5093,159,30000,0.221,0.192,0.251,0.0153,0.0001,1.6461,74,-10000,0.0,0.0,1.0,-9.8464,16.0496,1.7347,78,-10000,0.238,0.138,0.594,0.0089,0.3354,1.8045,162
145,-10000,0.256,0.114,0.603,-3.6265,29.3362,1.6376,161,-10000,0.204,0.153,0.626,0.0153,0.0001,1.6461,74,-10000,0.236,0.145,0.578,-9.8464,16.0496,1.7347,78,30000,0.0,0.0,1.0,0.0089,0.3354,1.8045,162
146,-10000,0.257,0.114,0.602,0.0145,0.2501,1.6162,167,-10000,0.0,0.0,1.0,0.0153,0.0001,1.6461,74,30000,0.234,0.142,0.583,0.0073,0.0,1.8586,79,-10000,0.222,0.193,0.249,0.0089,0.3354,1.8045,162
147,30000,0.257,0.113,0.602,9.6978,89.5149,1.5541,168,-10000,0.0,0.0,1.0,0.0153,0.0001,1.6461,74,-10000,0.234,0.143,0.581,0.0073,0.0,1.7903,79,-10000,0.238,0.138,0.595,0.0283,0.3664,1.8045,166
148,30000,0.259,0.112,0.602,9.6978,89.5149,1.6437,168,-10000,0.0,1.0,0.0,0.0153,0.0001,1.6461,74,-10000,0.233,0.14,0.584,0.0068,0.2506,1.6172,81,-10000,0.237,0.137,0.597,-9.6359,59.5257,1.8045,168
149,30000,0.261,0.112,0.6,-0.1314,0.0021,1.5552,169,-10000,0.208,0.149,0.627,0.4647,0.2502,1.7516,76,-10000,0.233,0.139,0.585,9.6258,29.8512,1.7166,82,-10000,0.0,0.0,1.0,-9.6359,59.5257,1.8045,168
150,-10000,0.261,0.112,0.6,-0.1314,0.0021,1.5552,169,30000,0.21,0.147,0.627,9.7088,94.2572,1.701,77,-10000,0.232,0.141,0.584,9.6258,29.8512,1.8161,82,-10000,0.0,0.0,1.0,-9.6359,59.5257,1.8045,168
151,-10000,0.26,0.112,0.601,-0.1314,0.0021,1.5552,169,-10000,0.21,0.147,0.627,-9.7099,12.6165,1.701,78,-10000,0.233,0.142,0.583,9.6258,29.8512,1.8161,82,30000,0.0,0.0,1.0,-9.6359,59.5257,1.8045,168
152,-10000,0.26,0.113,0.6,-0.1314,0.0021,1.5552,169,-10000,0.0,0.0,1.0,-9.7099,12.6165,1.701,78,-10000,0.237,0.139,0.582,-0.153,0.0026,1.8363,84,30000,0.214,0.189,0.241,-9.6359,59.5257,1.8045,168
153,-10000,0.26,0.113,0.6,-0.1314,0.0021,1.5805,169,-10000,0.0,1.0,0.0,-9.7099,12.6165,1.701,78,30000,0.229,0.135,0.593,0.045,0.0004,1.5968,93,-10000,0.239,0.137,0.594,0.0134,0.333,1.721,171
154,-10000,0.259,0.113,0.601,-0.1314,0.0021,1.5805,169,-10000,0.209,0.147,0.627,-9.7099,12.6165,1.5616,78,-10000,0.0,0.25,0.75,0.045,0.0004,1.5968,93,30000,0.239,0.14,0.589,0.0125,0.3672,1.8568,176
155,-10000,0.259,0.113,0.601,-0.1314,0.0021,1.5805,169,30000,0.207,0.142,0.629,-0.0002,0.369,1.7321,85,-10000,0.091,0.636,0.091,0.045,0.0004,1.5968,93,-10000,0.236,0.133,0.596,-9.5447,11.3149,1.6918,193
156,-10000,0.261,0.113,0.598,-0.1314,0.0021,1.6631,169,-10000,0.207,0.144,0.629,-0.0002,0.369,1.7321,85,30000,0.227,0.138,0.593,0.045,0.0004,1.6207,93,-10000,0.0,0.0,1.0,-9.5447,11.3149,1.6918,193
157,30000,0.263,0.114,0.597,-3.3035,28.9628,1.5134,170,-10000,0.206,0.144,0.63,-0.0002,0.369,1.7321,85,-10000,0.0,0.333,0.667,0.045,0.0004,1.6207,93,-10000,0.235,0.134,0.596,0.0285,0.3301,1.6829,196
158,-10000,0.263,0.113,0.597,-3.3035,28.9628,1.5134,170,-10000,0.0,0.0,1.0,-0.0002,0.369,1.7321,85,-10000,0.228,0.139,0.592,0.045,0.0004,1.6331,93,30000,0.235,0.133,0.598,0.0163,0.3338,1.7527,200
159,-10000,0.264,0.113,0.596,-9.7048,29.368,1.4717,171,-10000,0.203,0.142,0.634,-0.0002,0.369,1.8358,85,-10000,0.0,1.0,0.0,0.045,0.0004,1.6331,93,30000,0.22,0.18,0.217,0.0163,0.3338,1.7527,200
160,-10000,0.263,0.115,0.596,-9.7048,29.368,1.453,171,30000,0.204,0.144,0.632,-0.0002,0.369,1.7173,85,-10000,0.228,0.138,0.593,-0.0006,0.2496,1.6331,97,-10000,0.0,0.0,1.0,0.0163,0.3338,1.7527,200
161,-10000,0.263,0.115,0.596,-9.7048,29.368,1.453,171,-10000,0.204,0.143,0.634,-0.0002,0.369,1.5593,85,-10000,0.0,0.25,0.75,-0.0006,0.2496,1.6331,97,30000,0.235,0.137,0.594,0.424,0.3372,1.7527,205
162,30000,0.263,0.114,0.597,-9.7048,29.368,1.453,171,-10000,0.204,0.144,0.632,-0.0002,0.369,1.5593,85,-10000,0.228,0.14,0.591,-0.0006,0.2496,1.6331,97,-10000,0.0,0.0,1.0,0.424,0.3372,1.7527,205
163,30000,0.262,0.114,0.598,0.0095,0.3354,1.4067,174,-10000,0.0,0.167,0.833,-0.0002,0.369,1.5593,85,-10000,0.228,0.141,0.59,-0.0006,0.2496,1.7718,97,-10000,0.219,0.181,0.219,0.424,0.3372,1.7527,205
164,-10000,0.262,0.114,0.598,0.0095,0.3354,1.4067,174,-10000,0.204,0.144,0.632,-0.0002,0.369,1.5593,85,30000,0.0,0.0,1.0,-0.0006,0.2496,1.7718,97,-10000,0.222,0.179,0.222,0.424,0.3372,1.7527,205
165,-10000,0.262,0.114,0.599,0.0095,0.3354,1.5813,174,-10000,0.203,0.144,0.633,-0.0002,0.369,1.6567,85,30000,0.0,0.667,0.333,-0.0006,0.2496,1.7718,97,-10000,0.234,0.14,0.593,-0.3922,0.3303,1.777,208
166,-10000,0.262,0.114,0.599,0.0095,0.3354,1.5813,174,-10000,0.203,0.144,0.633,-0.0002,0.369,1.6567,85,-10000,0.0,0.0,1.0,-0.0006,0.2496,1.7718,97,30000,0.234,0.14,0.593,-0.3922,0.3303,1.777,208
167,30000,0.261,0.112,0.601,0.052,0.3332,1.6236,177,-10000,0.207,0.143,0.63,-0.1432,0.0023,1.6612,86,-10000,0.228,0.142,0.59,-0.0006,0.2496,1.7718,97,-10000,0.0,0.5,0.5,-0.3922,0.3303,1.777,208
168,30000,0.264,0.112,0.599,0.4606,0.2496,1.5116,179,-10000,0.207,0.143,0.63,-0.1432,0.0023,1.6612,86,-10000,0.0,0.125,0.875,-0.0006,0.2496,1.7718,97,-10000,0.235,0.14,0.591,-0.3922,0.3303,1.7387,208
169,-10000,0.264,0.112,0.599,0.4606,0.2496,1.5116,179,-10000,0.206,0.144,0.63,-0.1432,0.0023,1.6612,86,30000,0.228,0.146,0.586,-0.0006,0.2496,1.6504,97,-10000,0.0,0.0,1.0,-0.3922,0.3303,1.7387,208
170,-10000,0.264,0.112,0.598,0.4606,0.2496,1.6201,179,-10000,0.0,1.0,0.0,-0.1432,0.0023,1.6612,86,-10000,0.228,0.147,0.586,-0.0006,0.2496,1.6504,97,30000,0.234,0.14,0.593,-0.3922,0.3303,1.7387,208
171,-10000,0.263,0.112,0.599,0.4606,0.2496,1.4936,179,-10000,0.206,0.144,0.631,-0.1432,0.0023,1.5941,86,-10000,0.0,1.0,0.0,-0.0006,0.2496,1.6504,97,30000,0.235,0.141,0.591,0.4704,0.2528,1.6051,210
172,-10000,0.264,0.112,0.599,0.4606,0.2496,1.4014,179,-10000,0.207,0.143,0.63,0.0326,0.3695,1.6533,90,30000,0.22,0.186,0.246,-0.0006,0.2496,1.6504,97,-10000,0.091,0.0,0.909,0.4704,0.2528,1.6051,210
173,-10000,0.264,0.112,0.6,0.4606,0.2496,1.4478,179,30000,0.223,0.179,0.223,0.0326,0.3695,1.6533,90,-10000,0.228,0.148,0.584,0.0047,0.2501,1.6504,99,-10000,0.0,1.0,0.0,0.4704,0.2528,1.6051,210
174,-10000,0.263,0.111,0.6,0.4606,0.2496,1.4478,179,-10000,0.0,1.0,0.0,0.0326,0.3695,1.6533,90,30000,0.227,0.149,0.584,3.3639,59.5127,1.6504,100,-10000,0.223,0.18,0.224,0.4704,0.2528,1.6051,210
175,-10000,0.263,0.111,0.601,0.4606,0.2496,1.5225,179,-10000,0.208,0.142,0.63,0.0326,0.3695,1.6007,90,-10000,0.222,0.2,0.238,3.3639,59.5127,1.6504,100,30000,0.0,0.0,1.0,0.4704,0.2528,1.6051,210
176,30000,0.263,0.112,0.601,0.0306,0.3655,1.6002,183,-10000,0.209,0.143,0.629,0.0332,0.3684,1.6032,95,-10000,0.221,0.201,0.238,3.3639,59.5127,1.6504,100,-10000,0.231,0.0,0.769,0.4704,0.2528,1.6051,210
177,-10000,0.263,0.111,0.602,0.0306,0.3655,1.6002,183,-10000,0.0,0.0,1.0,0.0332,0.3684,1.6032,95,-10000,0.228,0.144,0.587,-0.1227,0.0016,1.7645,102,30000,0.223,0.2,0.231,0.4704,0.2528,1.6051,210
178,-10000,0.262,0.111,0.603,0.0306,0.3655,1.6105,183,30000,0.213,0.142,0.625,0.0332,0.3684,1.4574,95,-10000,0.143,0.143,0.714,-0.1227,0.0016,1.7645,102,-10000,0.234,0.138,0.595,0.0257,0.4053,1.6024,218
179,30000,0.262,0.111,0.603,0.0306,0.3655,1.6105,183,-10000,0.0,0.2,0.086,0.0332,0.3684,1.4574,95,-10000,0.228,0.144,0.587,-0.1227,0.0016,1.7645,102,-10000,0.232,0.138,0.595,0.0257,0.4053,1.714,218
180,-10000,0.262,0.11,0.604,0.0306,0.3655,1.3636,183,30000,0.133,0.0,0.867,0.0332,0.3684,1.4574,95,-10000,0.227,0.143,0.588,2.917,1.0195,1.6841,103,-10000,0.234,0.137,0.595,0.0257,0.4053,1.785,218
